Level,Min Monsters,Mean Monsters,Max Monsters,XP Min,XP Mean,XP Max,Gold Min,Gold Mean,Gold Max
1,50,1.001,50,50,50.05,50,560,755.61,4070
2,35,1.001,35,35,35.431,39,504,670.16,3150
3,26,1.001,26,26,27.274,32,467,633.689,3630
4,39,1.518,28,28,36.887,76,560,819.584,6184
5,24,1.237,24,24,28.033,67,560,774.705,5760
6,15,1.542,24,15,24.941,56,504,802.06,6120
7,13,1.488,47,13,28.385,62,467,747.345,3850
8,18,1.777,37,18,28.697,51,504,755.784,4895
9,31,1.888,19,15,24.636,43,467,710.093,4070
10,26,1.942,26,14,21.101,38,440,670.67,3682
11,18,1.853,41,13,21.273,46,472,745.946,4434
12,23,1.657,18,11,19.565,40,456,756.137,5251
13,18,1.411,12,12,19.648,36,467,793.585,4950
14,18,1.163,23,10,18.427,34,447,739.252,4070
15,14,1.227,14,10,15.017,29,456,701.324,4387
16,12,1.239,13,9,12.97,25,455,625.952,2683
17,10,1.32,10,9,11.314,26,435,585.386,2484
18,9,1.317,9,8,11.582,29,408,590.964,3740
19,8,1.31,8,8,11.5,31,404,602.292,3740
20,10,1.665,24,7,17.075,30,412,731.44,4350
21,17,1.348,17,9,17.66,29,428,769.747,4180
22,13,1.389,13,6,13.987,24,400,700.954,4440
23,11,1.461,11,8,11.93,22,409,631.274,3545
24,9,1.553,9,7,10.244,19,400,583.568,3350
25,8,1.577,8,7,9.208,18,395,557.411,3120
26,11,1.629,9,6,8.174,15,373,535.182,2457
27,10,1.715,7,6,7.543,15,373,535.121,2755
28,7,1.782,9,5,7.335,14,378,514.246,2401
29,8,2.211,8,5,7.902,17,374,537.817,2382
30,6,2.202,7,5,7.477,12,370,521.108,2432
31,8,2.258,9,5,7.006,16,366,510.461,2283
32,5,2.36,8,5,6.806,14,367,507.652,1810
33,4,2.369,7,4,6.259,12,364,507.112,2271
34,7,2.393,7,4,6.115,11,361,490.594,1949
35,5,2.391,10,4,5.892,11,358,482.73,2174
36,7,2.454,6,4,5.493,10,355,474.248,1737
37,5,2.428,5,4,5.199,11,353,470.683,1674
38,5,2.44,5,3,4.986,11,350,463.413,1691
39,4,2.487,6,3,4.739,10,348,465.952,1817
40,4,2.572,7,4,4.754,11,348,462.837,1861
41,4,2.591,5,3,4.412,10,346,461.732,1905
42,4,2.553,6,3,4.278,9,344,455.749,1706
43,4,2.609,5,3,4.179,8,342,450.245,1350
44,3,2.645,6,3,4.009,9,345,447.096,1577
45,3,2.726,6,3,4.002,8,344,447.459,1547
46,3,2.675,6,3,3.83,8,341,441.932,1365
47,3,2.82,6,3,3.843,8,341,445.149,1711
48,3,2.795,6,3,3.686,7,339,440.41,1704
49,2,2.887,6,2,3.526,7,337,443.696,1493
50,2,2.806,5,2,3.306,7,336,437.458,1506
